{
    "resnet_chexpert_Cardiomegaly_tag_degree0": {
        "valid_auc": NaN,
        "test_auc": NaN,
        "threshold": NaN,
        "GB_confounder_sensitivity": NaN,
        "GB_explanation_ncc": NaN,
        "GCam_confounder_sensitivity": NaN,
        "GCam_explanation_ncc": NaN,
        "lime_confounder_sensitivity": NaN,
        "lime_explanation_ncc": NaN,
        "shap_confounder_sensitivity": NaN,
        "shap_explanation_ncc": NaN,
        "gifsplanation_confounder_sensitivity": NaN,
        "gifsplanation_explanation_ncc": NaN
    },
    "resnet_chexpert_Cardiomegaly_tag_degree1": {
        "valid_auc": NaN,
        "test_auc": NaN,
        "threshold": NaN,
        "GB_confounder_sensitivity": NaN,
        "GB_explanation_ncc": NaN,
        "GCam_confounder_sensitivity": NaN,
        "GCam_explanation_ncc": NaN,
        "lime_confounder_sensitivity": NaN,
        "lime_explanation_ncc": NaN,
        "shap_confounder_sensitivity": NaN,
        "shap_explanation_ncc": NaN,
        "gifsplanation_confounder_sensitivity": NaN,
        "gifsplanation_explanation_ncc": NaN
    },
    "resnet_chexpert_Cardiomegaly_tag_degree2": {
        "valid_auc": 0.913,
        "test_auc": 0.915,
        "threshold": 0.10516628623008728,
        "GB_confounder_sensitivity": NaN,
        "GB_explanation_ncc": NaN,
        "GCam_confounder_sensitivity": 0.002054794520547945,
        "GCam_explanation_ncc": 0.5926260948181152,
        "lime_confounder_sensitivity": NaN,
        "lime_explanation_ncc": NaN,
        "shap_confounder_sensitivity": NaN,
        "shap_explanation_ncc": NaN,
        "gifsplanation_confounder_sensitivity": NaN,
        "gifsplanation_explanation_ncc": NaN
    },
    "resnet_chexpert_Cardiomegaly_tag_degree3": {
        "valid_auc": NaN,
        "test_auc": NaN,
        "threshold": NaN,
        "GB_confounder_sensitivity": NaN,
        "GB_explanation_ncc": NaN,
        "GCam_confounder_sensitivity": NaN,
        "GCam_explanation_ncc": NaN,
        "lime_confounder_sensitivity": NaN,
        "lime_explanation_ncc": NaN,
        "shap_confounder_sensitivity": NaN,
        "shap_explanation_ncc": NaN,
        "gifsplanation_confounder_sensitivity": NaN,
        "gifsplanation_explanation_ncc": NaN
    },
    "resnet_chexpert_Cardiomegaly_tag_degree4": {
        "valid_auc": NaN,
        "test_auc": NaN,
        "threshold": NaN,
        "GB_confounder_sensitivity": NaN,
        "GB_explanation_ncc": NaN,
        "GCam_confounder_sensitivity": NaN,
        "GCam_explanation_ncc": NaN,
        "lime_confounder_sensitivity": NaN,
        "lime_explanation_ncc": NaN,
        "shap_confounder_sensitivity": NaN,
        "shap_explanation_ncc": NaN,
        "gifsplanation_confounder_sensitivity": NaN,
        "gifsplanation_explanation_ncc": NaN
    },
    "resnet_chexpert_Cardiomegaly_hyperintensities_degree0": {
        "valid_auc": NaN,
        "test_auc": NaN,
        "threshold": NaN,
        "GB_confounder_sensitivity": NaN,
        "GB_explanation_ncc": NaN,
        "GCam_confounder_sensitivity": NaN,
        "GCam_explanation_ncc": NaN,
        "lime_confounder_sensitivity": NaN,
        "lime_explanation_ncc": NaN,
        "shap_confounder_sensitivity": NaN,
        "shap_explanation_ncc": NaN,
        "gifsplanation_confounder_sensitivity": NaN,
        "gifsplanation_explanation_ncc": NaN
    },
    "resnet_chexpert_Cardiomegaly_hyperintensities_degree1": {
        "valid_auc": NaN,
        "test_auc": NaN,
        "threshold": NaN,
        "GB_confounder_sensitivity": NaN,
        "GB_explanation_ncc": NaN,
        "GCam_confounder_sensitivity": NaN,
        "GCam_explanation_ncc": NaN,
        "lime_confounder_sensitivity": NaN,
        "lime_explanation_ncc": NaN,
        "shap_confounder_sensitivity": NaN,
        "shap_explanation_ncc": NaN,
        "gifsplanation_confounder_sensitivity": NaN,
        "gifsplanation_explanation_ncc": NaN
    },
    "resnet_chexpert_Cardiomegaly_hyperintensities_degree2": {
        "valid_auc": NaN,
        "test_auc": NaN,
        "threshold": NaN,
        "GB_confounder_sensitivity": NaN,
        "GB_explanation_ncc": NaN,
        "GCam_confounder_sensitivity": NaN,
        "GCam_explanation_ncc": NaN,
        "lime_confounder_sensitivity": NaN,
        "lime_explanation_ncc": NaN,
        "shap_confounder_sensitivity": NaN,
        "shap_explanation_ncc": NaN,
        "gifsplanation_confounder_sensitivity": NaN,
        "gifsplanation_explanation_ncc": NaN
    },
    "resnet_chexpert_Cardiomegaly_hyperintensities_degree3": {
        "valid_auc": NaN,
        "test_auc": NaN,
        "threshold": NaN,
        "GB_confounder_sensitivity": NaN,
        "GB_explanation_ncc": NaN,
        "GCam_confounder_sensitivity": NaN,
        "GCam_explanation_ncc": NaN,
        "lime_confounder_sensitivity": NaN,
        "lime_explanation_ncc": NaN,
        "shap_confounder_sensitivity": NaN,
        "shap_explanation_ncc": NaN,
        "gifsplanation_confounder_sensitivity": NaN,
        "gifsplanation_explanation_ncc": NaN
    },
    "resnet_chexpert_Cardiomegaly_hyperintensities_degree4": {
        "valid_auc": NaN,
        "test_auc": NaN,
        "threshold": NaN,
        "GB_confounder_sensitivity": NaN,
        "GB_explanation_ncc": NaN,
        "GCam_confounder_sensitivity": NaN,
        "GCam_explanation_ncc": NaN,
        "lime_confounder_sensitivity": NaN,
        "lime_explanation_ncc": NaN,
        "shap_confounder_sensitivity": NaN,
        "shap_explanation_ncc": NaN,
        "gifsplanation_confounder_sensitivity": NaN,
        "gifsplanation_explanation_ncc": NaN
    },
    "resnet_chexpert_Cardiomegaly_obstruction_degree0": {
        "valid_auc": NaN,
        "test_auc": NaN,
        "threshold": NaN,
        "GB_confounder_sensitivity": NaN,
        "GB_explanation_ncc": NaN,
        "GCam_confounder_sensitivity": NaN,
        "GCam_explanation_ncc": NaN,
        "lime_confounder_sensitivity": NaN,
        "lime_explanation_ncc": NaN,
        "shap_confounder_sensitivity": NaN,
        "shap_explanation_ncc": NaN,
        "gifsplanation_confounder_sensitivity": NaN,
        "gifsplanation_explanation_ncc": NaN
    },
    "resnet_chexpert_Cardiomegaly_obstruction_degree1": {
        "valid_auc": NaN,
        "test_auc": NaN,
        "threshold": NaN,
        "GB_confounder_sensitivity": NaN,
        "GB_explanation_ncc": NaN,
        "GCam_confounder_sensitivity": NaN,
        "GCam_explanation_ncc": NaN,
        "lime_confounder_sensitivity": NaN,
        "lime_explanation_ncc": NaN,
        "shap_confounder_sensitivity": NaN,
        "shap_explanation_ncc": NaN,
        "gifsplanation_confounder_sensitivity": NaN,
        "gifsplanation_explanation_ncc": NaN
    },
    "resnet_chexpert_Cardiomegaly_obstruction_degree2": {
        "valid_auc": NaN,
        "test_auc": NaN,
        "threshold": NaN,
        "GB_confounder_sensitivity": NaN,
        "GB_explanation_ncc": NaN,
        "GCam_confounder_sensitivity": NaN,
        "GCam_explanation_ncc": NaN,
        "lime_confounder_sensitivity": NaN,
        "lime_explanation_ncc": NaN,
        "shap_confounder_sensitivity": NaN,
        "shap_explanation_ncc": NaN,
        "gifsplanation_confounder_sensitivity": NaN,
        "gifsplanation_explanation_ncc": NaN
    },
    "resnet_chexpert_Cardiomegaly_obstruction_degree3": {
        "valid_auc": NaN,
        "test_auc": NaN,
        "threshold": NaN,
        "GB_confounder_sensitivity": NaN,
        "GB_explanation_ncc": NaN,
        "GCam_confounder_sensitivity": NaN,
        "GCam_explanation_ncc": NaN,
        "lime_confounder_sensitivity": NaN,
        "lime_explanation_ncc": NaN,
        "shap_confounder_sensitivity": NaN,
        "shap_explanation_ncc": NaN,
        "gifsplanation_confounder_sensitivity": NaN,
        "gifsplanation_explanation_ncc": NaN
    },
    "resnet_chexpert_Cardiomegaly_obstruction_degree4": {
        "valid_auc": NaN,
        "test_auc": NaN,
        "threshold": NaN,
        "GB_confounder_sensitivity": NaN,
        "GB_explanation_ncc": NaN,
        "GCam_confounder_sensitivity": NaN,
        "GCam_explanation_ncc": NaN,
        "lime_confounder_sensitivity": NaN,
        "lime_explanation_ncc": NaN,
        "shap_confounder_sensitivity": NaN,
        "shap_explanation_ncc": NaN,
        "gifsplanation_confounder_sensitivity": NaN,
        "gifsplanation_explanation_ncc": NaN
    },
    "attrinet_chexpert_Cardiomegaly_tag_degree0": {
        "valid_auc": NaN,
        "test_auc": NaN,
        "threshold": NaN,
        "confounder_sensitivity": NaN,
        "explanation_ncc": NaN
    },
    "attrinet_chexpert_Cardiomegaly_tag_degree1": {
        "valid_auc": NaN,
        "test_auc": NaN,
        "threshold": NaN,
        "confounder_sensitivity": NaN,
        "explanation_ncc": NaN
    },
    "attrinet_chexpert_Cardiomegaly_tag_degree2": {
        "valid_auc": 0.913,
        "test_auc": 0.915,
        "threshold": 0.39351192116737366,
        "confounder_sensitivity": 0.6898630136986301,
        "explanation_ncc": 0.20057018101215363
    },
    "attrinet_chexpert_Cardiomegaly_tag_degree3": {
        "valid_auc": NaN,
        "test_auc": NaN,
        "threshold": NaN,
        "confounder_sensitivity": NaN,
        "explanation_ncc": NaN
    },
    "attrinet_chexpert_Cardiomegaly_tag_degree4": {
        "valid_auc": NaN,
        "test_auc": NaN,
        "threshold": NaN,
        "confounder_sensitivity": NaN,
        "explanation_ncc": NaN
    },
    "attrinet_chexpert_Cardiomegaly_hyperintensities_degree0": {
        "valid_auc": NaN,
        "test_auc": NaN,
        "threshold": NaN,
        "confounder_sensitivity": NaN,
        "explanation_ncc": NaN
    },
    "attrinet_chexpert_Cardiomegaly_hyperintensities_degree1": {
        "valid_auc": NaN,
        "test_auc": NaN,
        "threshold": NaN,
        "confounder_sensitivity": NaN,
        "explanation_ncc": NaN
    },
    "attrinet_chexpert_Cardiomegaly_hyperintensities_degree2": {
        "valid_auc": NaN,
        "test_auc": NaN,
        "threshold": NaN,
        "confounder_sensitivity": NaN,
        "explanation_ncc": NaN
    },
    "attrinet_chexpert_Cardiomegaly_hyperintensities_degree3": {
        "valid_auc": NaN,
        "test_auc": NaN,
        "threshold": NaN,
        "confounder_sensitivity": NaN,
        "explanation_ncc": NaN
    },
    "attrinet_chexpert_Cardiomegaly_hyperintensities_degree4": {
        "valid_auc": NaN,
        "test_auc": NaN,
        "threshold": NaN,
        "confounder_sensitivity": NaN,
        "explanation_ncc": NaN
    },
    "attrinet_chexpert_Cardiomegaly_obstruction_degree0": {
        "valid_auc": NaN,
        "test_auc": NaN,
        "threshold": NaN,
        "confounder_sensitivity": NaN,
        "explanation_ncc": NaN
    },
    "attrinet_chexpert_Cardiomegaly_obstruction_degree1": {
        "valid_auc": NaN,
        "test_auc": NaN,
        "threshold": NaN,
        "confounder_sensitivity": NaN,
        "explanation_ncc": NaN
    },
    "attrinet_chexpert_Cardiomegaly_obstruction_degree2": {
        "valid_auc": NaN,
        "test_auc": NaN,
        "threshold": NaN,
        "confounder_sensitivity": NaN,
        "explanation_ncc": NaN
    },
    "attrinet_chexpert_Cardiomegaly_obstruction_degree3": {
        "valid_auc": NaN,
        "test_auc": NaN,
        "threshold": NaN,
        "confounder_sensitivity": NaN,
        "explanation_ncc": NaN
    },
    "attrinet_chexpert_Cardiomegaly_obstruction_degree4": {
        "valid_auc": NaN,
        "test_auc": NaN,
        "threshold": NaN,
        "confounder_sensitivity": NaN,
        "explanation_ncc": NaN
    }
}